-- Auth ユーザー作成後に実行
-- watanabe@hitoshi.cloud 用。users 行（seed.sql 19-25行）は含めません。
-- companies も含むため、このファイルだけ Run すれば OK

-- ② 会社マスタ（未投入なら先にこれが必要）
insert into public.companies (id, company_code, company_type, name, address, phone, email, status) values
  ('11111111-1111-1111-1111-111111111101', 'C-0001', 'operator', 'DumpLink運営', '東京都千代田区1-1', '03-0000-0001', 'admin@dumplink.example', 'approved'),
  ('11111111-1111-1111-1111-111111111102', 'C-0002', 'site_company', '湾岸建設株式会社', '東京都江東区有明3丁目', '03-0000-0002', 'site@example.jp', 'approved'),
  ('11111111-1111-1111-1111-111111111103', 'C-0003', 'site_company', '城北土木', '埼玉県八潮市大瀬1-1', '048-000-0003', 'kohan@example.jp', 'approved'),
  ('11111111-1111-1111-1111-111111111201', 'C-0101', 'truck_company', '東湾ダンプ', '東京都大田区平和島1-1', '03-0000-0101', 'towa@example.jp', 'approved'),
  ('11111111-1111-1111-1111-111111111202', 'C-0102', 'truck_company', '佐藤運送', '東京都江戸川区臨海町2-2', '03-0000-0102', 'sato@example.jp', 'approved'),
  ('11111111-1111-1111-1111-111111111203', 'C-0103', 'truck_company', '北斗土木', '埼玉県三郷市中央3-3', '048-000-0103', 'hokuto@example.jp', 'approved')
on conflict (id) do nothing;

-- ③ プロフィール紐づけ
insert into public.users (id, company_id, name, email, role, is_active) values
  ('46b7b2d4-5cb6-4296-b03e-a8a39e4db420', '11111111-1111-1111-1111-111111111101', '管理者', 'watanabe@hitoshi.cloud', 'operator', true)
on conflict (id) do update set
  company_id = excluded.company_id,
  name = excluded.name,
  email = excluded.email,
  role = excluded.role,
  is_active = excluded.is_active;

-- ④ テストデータ（created_by 等はあなたの Auth UID に統一）
-- 管理者 UID
-- 46b7b2d4-5cb6-4296-b03e-a8a39e4db420

insert into public.drivers (id, company_id, driver_code, name, phone, license_type, skills, status) values
  ('33333333-3333-3333-3333-333333333301', '11111111-1111-1111-1111-111111111201', 'DR-0001', '田中 誠', '090-0000-0001', '大型', array['大型','深ダンプ'], 'active'),
  ('33333333-3333-3333-3333-333333333302', '11111111-1111-1111-1111-111111111202', 'DR-0002', '佐藤 健', '090-0000-0002', '大型', array['大型'], 'active'),
  ('33333333-3333-3333-3333-333333333303', '11111111-1111-1111-1111-111111111203', 'DR-0003', '井上 美咲', '090-0000-0003', '中型', array['小型','夜間'], 'active'),
  ('33333333-3333-3333-3333-333333333304', '11111111-1111-1111-1111-111111111201', 'DR-0004', '高橋 優', '090-0000-0004', '大型', array['大型','深ダンプ'], 'active'),
  ('33333333-3333-3333-3333-333333333305', '11111111-1111-1111-1111-111111111202', 'DR-0005', '山本 大地', '090-0000-0005', '中型', array['小型'], 'active')
on conflict (id) do nothing;

insert into public.trucks (id, company_id, truck_code, plate_number, truck_type, skills, base_address, desired_daily_price, status) values
  ('44444444-4444-4444-4444-444444444401', '11111111-1111-1111-1111-111111111201', 'D-0201', '品川100あ1234', '大型ダンプ', array['大型','深ダンプ'], '東京都大田区平和島', 47000, 'available'),
  ('44444444-4444-4444-4444-444444444402', '11111111-1111-1111-1111-111111111202', 'D-0202', '品川100い5678', '大型ダンプ', array['大型'], '東京都江戸川区臨海町', 45000, 'booked'),
  ('44444444-4444-4444-4444-444444444403', '11111111-1111-1111-1111-111111111203', 'D-0203', '大宮300う9012', '小型ダンプ', array['小型','夜間'], '埼玉県三郷市中央', 41000, 'available'),
  ('44444444-4444-4444-4444-444444444404', '11111111-1111-1111-1111-111111111201', 'D-0204', '品川100え3456', '大型ダンプ', array['大型','深ダンプ'], '神奈川県横浜市鶴見区大黒町', 49000, 'available'),
  ('44444444-4444-4444-4444-444444444405', '11111111-1111-1111-1111-111111111202', 'D-0205', '足立500お7890', '小型ダンプ', array['小型'], '東京都足立区千住', 39000, 'available')
on conflict (id) do nothing;

insert into public.sites (id, company_id, site_code, name, address, start_date, end_date, required_truck_count, required_skills, daily_price, status, created_by) values
  ('55555555-5555-5555-5555-555555555501', '11111111-1111-1111-1111-111111111102', 'S-0101', '有明物流センター造成', '東京都江東区有明3丁目', '2026-07-01', '2026-07-03', 6, array['大型','深ダンプ'], 52000, 'open', '46b7b2d4-5cb6-4296-b03e-a8a39e4db420'),
  ('55555555-5555-5555-5555-555555555502', '11111111-1111-1111-1111-111111111102', 'S-0102', '川崎臨海部 解体搬出', '神奈川県川崎市川崎区浮島町', '2026-07-01', '2026-07-02', 4, array['大型'], 47000, 'open', '46b7b2d4-5cb6-4296-b03e-a8a39e4db420'),
  ('55555555-5555-5555-5555-555555555503', '11111111-1111-1111-1111-111111111103', 'S-0103', '八潮雨水管工事', '埼玉県八潮市大瀬', '2026-07-02', '2026-07-05', 3, array['小型','夜間'], 43000, 'open', '46b7b2d4-5cb6-4296-b03e-a8a39e4db420'),
  ('55555555-5555-5555-5555-555555555504', '11111111-1111-1111-1111-111111111102', 'S-0104', '湾岸資材搬入', '東京都江東区有明3丁目', '2026-07-04', '2026-07-06', 2, array['大型'], 50000, 'draft', '46b7b2d4-5cb6-4296-b03e-a8a39e4db420'),
  ('55555555-5555-5555-5555-555555555505', '11111111-1111-1111-1111-111111111103', 'S-0105', '三郷土砂搬出', '埼玉県三郷市中央', '2026-06-20', '2026-06-22', 2, array['小型'], 40000, 'completed', '46b7b2d4-5cb6-4296-b03e-a8a39e4db420')
on conflict (id) do nothing;

insert into public.truck_availabilities (id, truck_id, driver_id, available_start_date, available_end_date, area_note, desired_daily_price, is_active) values
  ('66666666-6666-6666-6666-666666666601', '44444444-4444-4444-4444-444444444401', '33333333-3333-3333-3333-333333333301', '2026-07-01', '2026-07-05', '東京23区', 47000, true),
  ('66666666-6666-6666-6666-666666666602', '44444444-4444-4444-4444-444444444402', '33333333-3333-3333-3333-333333333302', '2026-07-01', '2026-07-03', '東京・川崎', 45000, true),
  ('66666666-6666-6666-6666-666666666603', '44444444-4444-4444-4444-444444444403', '33333333-3333-3333-3333-333333333303', '2026-07-02', '2026-07-06', '埼玉東部', 41000, true),
  ('66666666-6666-6666-6666-666666666604', '44444444-4444-4444-4444-444444444404', '33333333-3333-3333-3333-333333333304', '2026-07-01', '2026-07-04', '横浜・川崎', 49000, true),
  ('66666666-6666-6666-6666-666666666605', '44444444-4444-4444-4444-444444444405', '33333333-3333-3333-3333-333333333305', '2026-07-01', '2026-07-03', '足立・葛飾', 39000, true),
  ('66666666-6666-6666-6666-666666666606', '44444444-4444-4444-4444-444444444401', '33333333-3333-3333-3333-333333333301', '2026-07-06', '2026-07-10', '東京23区', 47000, true),
  ('66666666-6666-6666-6666-666666666607', '44444444-4444-4444-4444-444444444403', '33333333-3333-3333-3333-333333333303', '2026-06-28', '2026-07-01', '埼玉', 41000, false),
  ('66666666-6666-6666-6666-666666666608', '44444444-4444-4444-4444-444444444404', '33333333-3333-3333-3333-333333333304', '2026-07-05', '2026-07-08', '神奈川', 49000, true)
on conflict (id) do nothing;

insert into public.reservations (
  id, reservation_code, site_id, truck_id, driver_id, applicant_company_id, approved_by,
  start_date, end_date, fixed_daily_price, status, requested_at, approved_at
) values
  ('77777777-7777-7777-7777-777777777701', 'R-000001', '55555555-5555-5555-5555-555555555501', '44444444-4444-4444-4444-444444444402', '33333333-3333-3333-3333-333333333302', '11111111-1111-1111-1111-111111111202', '46b7b2d4-5cb6-4296-b03e-a8a39e4db420', '2026-07-01', '2026-07-03', 52000, 'approved', timezone('utc', now()), timezone('utc', now())),
  ('77777777-7777-7777-7777-777777777702', 'R-000002', '55555555-5555-5555-5555-555555555502', '44444444-4444-4444-4444-444444444401', '33333333-3333-3333-3333-333333333301', '11111111-1111-1111-1111-111111111201', null, '2026-07-01', '2026-07-02', 47000, 'requested', timezone('utc', now()), null),
  ('77777777-7777-7777-7777-777777777703', 'R-000003', '55555555-5555-5555-5555-555555555503', '44444444-4444-4444-4444-444444444403', '33333333-3333-3333-3333-333333333303', '11111111-1111-1111-1111-111111111203', '46b7b2d4-5cb6-4296-b03e-a8a39e4db420', '2026-07-02', '2026-07-05', 43000, 'approved', timezone('utc', now()), timezone('utc', now())),
  ('77777777-7777-7777-7777-777777777704', 'R-000004', '55555555-5555-5555-5555-555555555501', '44444444-4444-4444-4444-444444444404', '33333333-3333-3333-3333-333333333304', '11111111-1111-1111-1111-111111111201', null, '2026-07-01', '2026-07-03', 52000, 'requested', timezone('utc', now()), null),
  ('77777777-7777-7777-7777-777777777705', 'R-000005', '55555555-5555-5555-5555-555555555505', '44444444-4444-4444-4444-444444444405', '33333333-3333-3333-3333-333333333305', '11111111-1111-1111-1111-111111111202', '46b7b2d4-5cb6-4296-b03e-a8a39e4db420', '2026-06-20', '2026-06-22', 40000, 'completed', timezone('utc', now()), timezone('utc', now()))
on conflict (id) do nothing;

insert into public.reservation_status_logs (reservation_id, from_status, to_status, changed_by, reason) values
  ('77777777-7777-7777-7777-777777777701', null, 'requested', '46b7b2d4-5cb6-4296-b03e-a8a39e4db420', '初回申請'),
  ('77777777-7777-7777-7777-777777777701', 'requested', 'approved', '46b7b2d4-5cb6-4296-b03e-a8a39e4db420', '管理者承認'),
  ('77777777-7777-7777-7777-777777777702', null, 'requested', '46b7b2d4-5cb6-4296-b03e-a8a39e4db420', '川崎案件'),
  ('77777777-7777-7777-7777-777777777703', null, 'requested', '46b7b2d4-5cb6-4296-b03e-a8a39e4db420', '八潮案件'),
  ('77777777-7777-7777-7777-777777777703', 'requested', 'approved', '46b7b2d4-5cb6-4296-b03e-a8a39e4db420', '管理者承認');

insert into public.notifications (user_id, notification_type, title, body, related_type, related_id) values
  ('46b7b2d4-5cb6-4296-b03e-a8a39e4db420', 'reservation_requested', '予約申請', 'R-000002 が申請されました', 'reservation', '77777777-7777-7777-7777-777777777702'),
  ('46b7b2d4-5cb6-4296-b03e-a8a39e4db420', 'reservation_approved', '予約承認', 'R-000003 が承認されました', 'reservation', '77777777-7777-7777-7777-777777777703');
